unique_id,ds_real,y_pred,y_true,month
cala-vedella,2025-06-01 08:00:00,5.7065816,31.0,6
cala-vedella,2025-06-01 09:00:00,5.258996,85.0,6
cala-vedella,2025-06-01 10:00:00,5.635689,162.0,6
cala-vedella,2025-06-01 11:00:00,6.841921,175.0,6
cala-vedella,2025-06-01 12:00:00,6.309387,160.0,6
cala-vedella,2025-06-01 13:00:00,7.544784,120.0,6
cala-vedella,2025-06-01 14:00:00,7.6220894,135.0,6
cala-vedella,2025-06-01 15:00:00,7.6540375,168.0,6
cala-vedella,2025-06-01 16:00:00,6.307475,105.0,6
cala-vedella,2025-06-01 17:00:00,6.219713,72.0,6
cala-vedella,2025-06-01 18:00:00,5.9930296,43.0,6
cala-vedella,2025-06-01 19:00:00,7.489675,30.0,6
cala-vedella,2025-06-01 20:00:00,7.056236,3.0,6
cala-vedella,2025-06-02 08:00:00,5.26521,32.0,6
cala-vedella,2025-06-02 09:00:00,4.5747337,44.0,6
cala-vedella,2025-06-02 10:00:00,6.225664,71.0,6
cala-vedella,2025-06-02 11:00:00,6.403853,110.0,6
cala-vedella,2025-06-02 12:00:00,6.53872,105.0,6
cala-vedella,2025-06-02 13:00:00,6.8406463,124.0,6
cala-vedella,2025-06-02 14:00:00,6.927283,116.0,6
cala-vedella,2025-06-02 15:00:00,6.989886,141.0,6
cala-vedella,2025-06-02 16:00:00,5.6521397,105.0,6
cala-vedella,2025-06-02 17:00:00,5.6710367,73.0,6
cala-vedella,2025-06-02 18:00:00,5.527766,38.0,6
cala-vedella,2025-06-02 19:00:00,6.57891,27.0,6
cala-vedella,2025-06-02 20:00:00,6.3053455,1.0,6
cala-vedella,2025-06-03 08:00:00,3.8775113,18.0,6
cala-vedella,2025-06-03 09:00:00,4.234149,57.0,6
cala-vedella,2025-06-03 10:00:00,5.8666058,73.0,6
cala-vedella,2025-06-03 11:00:00,5.9912586,106.0,6
cala-vedella,2025-06-03 12:00:00,5.9938526,114.0,6
cala-vedella,2025-06-03 13:00:00,6.0847073,95.0,6
cala-vedella,2025-06-03 14:00:00,4.970109,95.0,6
cala-vedella,2025-06-03 15:00:00,6.183837,90.0,6
cala-vedella,2025-06-03 16:00:00,4.8813124,55.0,6
cala-vedella,2025-06-03 17:00:00,6.6614842,33.0,6
cala-vedella,2025-06-03 18:00:00,6.50904,15.0,6
cala-vedella,2025-06-03 19:00:00,4.811876,11.0,6
cala-vedella,2025-06-03 20:00:00,6.015794,1.0,6
cala-vedella,2025-06-04 08:00:00,4.0388694,21.0,6
cala-vedella,2025-06-04 09:00:00,5.779269,66.0,6
cala-vedella,2025-06-04 10:00:00,6.0944233,142.0,6
cala-vedella,2025-06-04 11:00:00,4.7934656,117.0,6
cala-vedella,2025-06-04 12:00:00,6.614897,112.0,6
cala-vedella,2025-06-04 13:00:00,6.996863,118.0,6
cala-vedella,2025-06-04 14:00:00,7.140697,115.0,6
cala-vedella,2025-06-04 15:00:00,7.3158402,97.0,6
cala-vedella,2025-06-04 16:00:00,7.3291025,75.0,6
cala-vedella,2025-06-04 17:00:00,7.031706,60.0,6
cala-vedella,2025-06-04 18:00:00,5.2895174,38.0,6
cala-vedella,2025-06-04 19:00:00,6.8275394,20.0,6
cala-vedella,2025-06-04 20:00:00,6.3537126,2.0,6
cala-vedella,2025-06-05 08:00:00,5.163913,24.0,6
cala-vedella,2025-06-05 09:00:00,5.5934234,70.0,6
cala-vedella,2025-06-05 10:00:00,4.2287865,115.0,6
cala-vedella,2025-06-05 11:00:00,6.1617613,142.0,6
cala-vedella,2025-06-05 12:00:00,6.4975595,114.0,6
cala-vedella,2025-06-05 13:00:00,6.6932635,109.0,6
cala-vedella,2025-06-05 14:00:00,4.938988,119.0,6
cala-vedella,2025-06-05 15:00:00,4.9302034,114.0,6
cala-vedella,2025-06-05 16:00:00,6.653574,90.0,6
cala-vedella,2025-06-05 17:00:00,6.721473,51.0,6
cala-vedella,2025-06-05 18:00:00,6.784607,26.0,6
cala-vedella,2025-06-05 19:00:00,4.706521,39.0,6
cala-vedella,2025-06-05 20:00:00,6.3908653,1.0,6
cala-vedella,2025-06-06 08:00:00,3.476409,24.0,6
cala-vedella,2025-06-06 09:00:00,5.4288716,82.0,6
cala-vedella,2025-06-06 10:00:00,5.902295,119.0,6
cala-vedella,2025-06-06 11:00:00,6.4421773,146.0,6
cala-vedella,2025-06-06 12:00:00,6.753576,129.0,6
cala-vedella,2025-06-06 13:00:00,5.0051546,90.0,6
cala-vedella,2025-06-06 14:00:00,6.74498,96.0,6
cala-vedella,2025-06-06 15:00:00,7.063742,79.0,6
cala-vedella,2025-06-06 16:00:00,5.1210856,68.0,6
cala-vedella,2025-06-06 17:00:00,5.2312365,58.0,6
cala-vedella,2025-06-06 18:00:00,5.113694,33.0,6
cala-vedella,2025-06-06 19:00:00,6.8817096,7.0,6
cala-vedella,2025-06-06 20:00:00,4.8355384,1.0,6
cala-vedella,2025-06-07 08:00:00,4.323802,27.0,6
cala-vedella,2025-06-07 09:00:00,6.1472282,70.0,6
cala-vedella,2025-06-07 10:00:00,4.6550293,124.0,6
cala-vedella,2025-06-07 11:00:00,5.030861,102.0,6
cala-vedella,2025-06-07 12:00:00,6.869445,114.0,6
cala-vedella,2025-06-07 13:00:00,5.189802,114.0,6
cala-vedella,2025-06-07 14:00:00,6.9819207,110.0,6
cala-vedella,2025-06-07 15:00:00,5.4632607,109.0,6
cala-vedella,2025-06-07 16:00:00,7.230847,107.0,6
cala-vedella,2025-06-07 17:00:00,7.419457,73.0,6
cala-vedella,2025-06-07 18:00:00,7.2754216,41.0,6
cala-vedella,2025-06-07 19:00:00,5.384186,31.0,6
cala-vedella,2025-06-07 20:00:00,5.0459776,1.0,6
cala-vedella,2025-06-08 08:00:00,5.6596985,48.0,6
cala-vedella,2025-06-08 09:00:00,6.2099986,85.0,6
cala-vedella,2025-06-08 10:00:00,6.5533104,120.0,6
cala-vedella,2025-06-08 11:00:00,5.131753,153.0,6
cala-vedella,2025-06-08 12:00:00,5.3727193,158.0,6
cala-vedella,2025-06-08 13:00:00,7.3118258,161.0,6
cala-vedella,2025-06-08 14:00:00,7.389333,152.0,6
cala-vedella,2025-06-08 15:00:00,7.446389,158.0,6
cala-vedella,2025-06-08 16:00:00,5.5794764,134.0,6
cala-vedella,2025-06-08 17:00:00,7.4057746,81.0,6
cala-vedella,2025-06-08 18:00:00,7.4478025,36.0,6
cala-vedella,2025-06-08 19:00:00,7.10446,42.0,6
cala-vedella,2025-06-08 20:00:00,6.8525844,4.0,6
cala-vedella,2025-06-09 08:00:00,3.9061394,22.0,6
cala-vedella,2025-06-09 09:00:00,4.242996,77.0,6
cala-vedella,2025-06-09 10:00:00,4.5148315,127.0,6
cala-vedella,2025-06-09 11:00:00,4.767926,146.0,6
cala-vedella,2025-06-09 12:00:00,6.579431,137.0,6
cala-vedella,2025-06-09 13:00:00,5.152115,129.0,6
cala-vedella,2025-06-09 14:00:00,6.8997097,138.0,6
cala-vedella,2025-06-09 15:00:00,5.313718,103.0,6
cala-vedella,2025-06-09 16:00:00,6.8837957,78.0,6
cala-vedella,2025-06-09 17:00:00,6.6993103,58.0,6
cala-vedella,2025-06-09 18:00:00,6.49638,18.0,6
cala-vedella,2025-06-09 19:00:00,6.28866,16.0,6
cala-vedella,2025-06-09 20:00:00,4.8439846,1.0,6
cala-vedella,2025-06-10 08:00:00,4.9415264,24.0,6
cala-vedella,2025-06-10 09:00:00,5.461934,77.0,6
cala-vedella,2025-06-10 10:00:00,5.972617,124.0,6
can-pastilla-bonaona,2025-06-01 08:00:00,4.512837,72.0,6
can-pastilla-bonaona,2025-06-01 09:00:00,4.4793043,112.0,6
can-pastilla-bonaona,2025-06-01 10:00:00,4.7420344,118.0,6
can-pastilla-bonaona,2025-06-01 11:00:00,5.2611127,166.0,6
can-pastilla-bonaona,2025-06-01 12:00:00,5.0517454,123.0,6
can-pastilla-bonaona,2025-06-01 13:00:00,5.493883,126.0,6
can-pastilla-bonaona,2025-06-01 14:00:00,5.5223384,181.0,6
can-pastilla-bonaona,2025-06-01 15:00:00,5.5554647,188.0,6
can-pastilla-bonaona,2025-06-01 16:00:00,4.9536734,212.0,6
can-pastilla-bonaona,2025-06-01 17:00:00,4.9559865,80.0,6
can-pastilla-bonaona,2025-06-01 18:00:00,4.8843327,23.0,6
can-pastilla-bonaona,2025-06-01 19:00:00,5.4601555,25.0,6
can-pastilla-bonaona,2025-06-01 20:00:00,5.346183,8.0,6
can-pastilla-bonaona,2025-06-02 08:00:00,4.439228,28.0,6
can-pastilla-bonaona,2025-06-02 09:00:00,4.1646156,83.0,6
can-pastilla-bonaona,2025-06-02 10:00:00,4.8404217,68.0,6
can-pastilla-bonaona,2025-06-02 11:00:00,4.9896526,118.0,6
can-pastilla-bonaona,2025-06-02 12:00:00,5.151438,66.0,6
can-pastilla-bonaona,2025-06-02 13:00:00,5.2741156,102.0,6
can-pastilla-bonaona,2025-06-02 14:00:00,5.3747706,138.0,6
can-pastilla-bonaona,2025-06-02 15:00:00,5.4272656,119.0,6
can-pastilla-bonaona,2025-06-02 16:00:00,4.7880025,171.0,6
can-pastilla-bonaona,2025-06-02 17:00:00,4.734803,71.0,6
can-pastilla-bonaona,2025-06-02 18:00:00,4.603125,11.0,6
can-pastilla-bonaona,2025-06-02 19:00:00,5.0542617,15.0,6
can-pastilla-bonaona,2025-06-02 20:00:00,4.911148,25.0,6
can-pastilla-bonaona,2025-06-03 08:00:00,3.882892,29.0,6
can-pastilla-bonaona,2025-06-03 09:00:00,4.05721,58.0,6
can-pastilla-bonaona,2025-06-03 10:00:00,4.8617835,102.0,6
can-pastilla-bonaona,2025-06-03 11:00:00,4.9939547,112.0,6
can-pastilla-bonaona,2025-06-03 12:00:00,5.072337,70.0,6
can-pastilla-bonaona,2025-06-03 13:00:00,5.071757,69.0,6
can-pastilla-bonaona,2025-06-03 14:00:00,4.5705633,12.0,6
can-pastilla-bonaona,2025-06-03 15:00:00,4.9711204,48.0,6
can-pastilla-bonaona,2025-06-03 16:00:00,4.258522,129.0,6
can-pastilla-bonaona,2025-06-03 17:00:00,5.0027094,140.0,6
can-pastilla-bonaona,2025-06-03 18:00:00,4.993271,17.0,6
can-pastilla-bonaona,2025-06-03 19:00:00,4.3333006,29.0,6
can-pastilla-bonaona,2025-06-03 20:00:00,4.8727903,33.0,6
can-pastilla-bonaona,2025-06-04 08:00:00,3.9419456,32.0,6
can-pastilla-bonaona,2025-06-04 09:00:00,4.575353,42.0,6
can-pastilla-bonaona,2025-06-04 10:00:00,4.6806936,84.0,6
can-pastilla-bonaona,2025-06-04 11:00:00,4.1815486,51.0,6
can-pastilla-bonaona,2025-06-04 12:00:00,4.881971,86.0,6
can-pastilla-bonaona,2025-06-04 13:00:00,4.961523,87.0,6
can-pastilla-bonaona,2025-06-04 14:00:00,5.051249,120.0,6
can-pastilla-bonaona,2025-06-04 15:00:00,5.1116285,103.0,6
can-pastilla-bonaona,2025-06-04 16:00:00,5.153656,142.0,6
can-pastilla-bonaona,2025-06-04 17:00:00,5.1237535,97.0,6
can-pastilla-bonaona,2025-06-04 18:00:00,4.451976,19.0,6
can-pastilla-bonaona,2025-06-04 19:00:00,5.068006,17.0,6
can-pastilla-bonaona,2025-06-04 20:00:00,4.90213,17.0,6
can-pastilla-bonaona,2025-06-05 08:00:00,4.409808,26.0,6
can-pastilla-bonaona,2025-06-05 09:00:00,4.592106,60.0,6
can-pastilla-bonaona,2025-06-05 10:00:00,4.124548,66.0,6
can-pastilla-bonaona,2025-06-05 11:00:00,5.0300593,87.0,6
can-pastilla-bonaona,2025-06-05 12:00:00,5.165199,123.0,6
can-pastilla-bonaona,2025-06-05 13:00:00,5.0738497,135.0,6
can-pastilla-bonaona,2025-06-05 14:00:00,4.347874,133.0,6
can-pastilla-bonaona,2025-06-05 15:00:00,4.2930307,134.0,6
can-pastilla-bonaona,2025-06-05 16:00:00,5.0891013,123.0,6
can-pastilla-bonaona,2025-06-05 17:00:00,5.075146,84.0,6
can-pastilla-bonaona,2025-06-05 18:00:00,5.007945,31.0,6
can-pastilla-bonaona,2025-06-05 19:00:00,4.223381,18.0,6
can-pastilla-bonaona,2025-06-05 20:00:00,4.954287,32.0,6
can-pastilla-bonaona,2025-06-06 08:00:00,3.5748906,29.0,6
can-pastilla-bonaona,2025-06-06 09:00:00,4.457123,42.0,6
can-pastilla-bonaona,2025-06-06 10:00:00,4.7148323,91.0,6
can-pastilla-bonaona,2025-06-06 11:00:00,4.996643,113.0,6
can-pastilla-bonaona,2025-06-06 12:00:00,5.1924562,136.0,6
can-pastilla-bonaona,2025-06-06 13:00:00,4.4044824,157.0,6
can-pastilla-bonaona,2025-06-06 14:00:00,5.2412386,179.0,6
can-pastilla-bonaona,2025-06-06 15:00:00,5.245453,150.0,6
can-pastilla-bonaona,2025-06-06 16:00:00,4.387936,176.0,6
can-pastilla-bonaona,2025-06-06 17:00:00,4.4093914,74.0,6
can-pastilla-bonaona,2025-06-06 18:00:00,4.358953,30.0,6
can-pastilla-bonaona,2025-06-06 19:00:00,5.107355,13.0,6
can-pastilla-bonaona,2025-06-06 20:00:00,4.262809,32.0,6
can-pastilla-bonaona,2025-06-07 08:00:00,3.8631787,37.0,6
can-pastilla-bonaona,2025-06-07 09:00:00,4.6032043,80.0,6
can-pastilla-bonaona,2025-06-07 10:00:00,4.126045,129.0,6
can-pastilla-bonaona,2025-06-07 11:00:00,4.3127756,152.0,6
can-pastilla-bonaona,2025-06-07 12:00:00,5.1367216,142.0,6
can-pastilla-bonaona,2025-06-07 13:00:00,4.434782,163.0,6
can-pastilla-bonaona,2025-06-07 14:00:00,5.25463,180.0,6
can-pastilla-bonaona,2025-06-07 15:00:00,4.5716724,166.0,6
can-pastilla-bonaona,2025-06-07 16:00:00,5.2380977,179.0,6
can-pastilla-bonaona,2025-06-07 17:00:00,5.227911,117.0,6
can-pastilla-bonaona,2025-06-07 18:00:00,5.2115746,34.0,6
can-pastilla-bonaona,2025-06-07 19:00:00,4.462496,15.0,6
can-pastilla-bonaona,2025-06-07 20:00:00,4.338227,7.0,6
can-pastilla-bonaona,2025-06-08 08:00:00,4.5172606,51.0,6
can-pastilla-bonaona,2025-06-08 09:00:00,4.7972355,80.0,6
can-pastilla-bonaona,2025-06-08 10:00:00,4.9939375,110.0,6
can-pastilla-bonaona,2025-06-08 11:00:00,4.4177113,137.0,6
can-pastilla-bonaona,2025-06-08 12:00:00,4.538352,104.0,6
can-pastilla-bonaona,2025-06-08 13:00:00,5.455186,116.0,6
can-pastilla-bonaona,2025-06-08 14:00:00,5.5505486,127.0,6
can-pastilla-bonaona,2025-06-08 15:00:00,5.480581,181.0,6
can-pastilla-bonaona,2025-06-08 16:00:00,4.735461,200.0,6
can-pastilla-bonaona,2025-06-08 17:00:00,5.460394,89.0,6
can-pastilla-bonaona,2025-06-08 18:00:00,5.417248,28.0,6
can-pastilla-bonaona,2025-06-08 19:00:00,5.283987,15.0,6
can-pastilla-bonaona,2025-06-08 20:00:00,5.141819,21.0,6
can-pastilla-bonaona,2025-06-09 08:00:00,3.7361984,41.0,6
can-pastilla-bonaona,2025-06-09 09:00:00,4.008959,68.0,6
can-pastilla-bonaona,2025-06-09 10:00:00,4.184803,111.0,6
can-pastilla-bonaona,2025-06-09 11:00:00,4.336396,141.0,6
can-pastilla-bonaona,2025-06-09 12:00:00,5.1159697,128.0,6
can-pastilla-bonaona,2025-06-09 13:00:00,4.3844833,154.0,6
can-pastilla-bonaona,2025-06-09 14:00:00,5.049652,152.0,6
can-pastilla-bonaona,2025-06-09 15:00:00,4.403414,164.0,6
can-pastilla-bonaona,2025-06-09 16:00:00,5.0433536,192.0,6
can-pastilla-bonaona,2025-06-09 17:00:00,5.000288,98.0,6
can-pastilla-bonaona,2025-06-09 18:00:00,4.9952965,44.0,6
can-pastilla-bonaona,2025-06-09 19:00:00,4.926712,17.0,6
can-pastilla-bonaona,2025-06-09 20:00:00,4.276943,29.0,6
can-pastilla-bonaona,2025-06-10 08:00:00,4.4480853,49.0,6
can-pastilla-bonaona,2025-06-10 09:00:00,4.6722536,90.0,6
can-pastilla-bonaona,2025-06-10 10:00:00,4.8793426,120.0,6
can-pastilla-mallorca-pipeline,2025-06-01 08:00:00,16.597008,16.0,6
can-pastilla-mallorca-pipeline,2025-06-01 09:00:00,14.480917,13.0,6
can-pastilla-mallorca-pipeline,2025-06-01 10:00:00,17.468023,11.0,6
can-pastilla-mallorca-pipeline,2025-06-01 11:00:00,26.322641,18.0,6
can-pastilla-mallorca-pipeline,2025-06-01 12:00:00,21.260475,13.0,6
can-pastilla-mallorca-pipeline,2025-06-01 13:00:00,29.639526,25.0,6
can-pastilla-mallorca-pipeline,2025-06-01 14:00:00,29.813482,7.0,6
can-pastilla-mallorca-pipeline,2025-06-01 15:00:00,30.05101,125.0,6
can-pastilla-mallorca-pipeline,2025-06-01 16:00:00,20.735958,6.0,6
can-pastilla-mallorca-pipeline,2025-06-01 17:00:00,20.874577,5.0,6
can-pastilla-mallorca-pipeline,2025-06-01 18:00:00,19.81072,29.0,6
can-pastilla-mallorca-pipeline,2025-06-01 19:00:00,28.791405,44.0,6
can-pastilla-mallorca-pipeline,2025-06-01 20:00:00,27.424192,2.0,6
can-pastilla-mallorca-pipeline,2025-06-02 08:00:00,15.395644,6.0,6
can-pastilla-mallorca-pipeline,2025-06-02 09:00:00,12.27836,5.0,6
can-pastilla-mallorca-pipeline,2025-06-02 10:00:00,20.462671,4.0,6
can-pastilla-mallorca-pipeline,2025-06-02 11:00:00,21.72851,4.0,6
can-pastilla-mallorca-pipeline,2025-06-02 12:00:00,23.048304,10.0,6
can-pastilla-mallorca-pipeline,2025-06-02 13:00:00,25.25997,9.0,6
can-pastilla-mallorca-pipeline,2025-06-02 14:00:00,26.13404,10.0,6
can-pastilla-mallorca-pipeline,2025-06-02 15:00:00,26.146755,29.0,6
can-pastilla-mallorca-pipeline,2025-06-02 16:00:00,18.968132,12.0,6
can-pastilla-mallorca-pipeline,2025-06-02 17:00:00,18.353292,5.0,6
can-pastilla-mallorca-pipeline,2025-06-02 18:00:00,17.006052,29.0,6
can-pastilla-mallorca-pipeline,2025-06-02 19:00:00,21.83363,14.0,6
can-pastilla-mallorca-pipeline,2025-06-02 20:00:00,20.217196,4.0,6
can-pastilla-mallorca-pipeline,2025-06-03 08:00:00,8.87837,4.0,6
can-pastilla-mallorca-pipeline,2025-06-03 09:00:00,10.920822,8.0,6
can-pastilla-mallorca-pipeline,2025-06-03 10:00:00,20.027254,3.0,6
can-pastilla-mallorca-pipeline,2025-06-03 11:00:00,21.681118,9.0,6
can-pastilla-mallorca-pipeline,2025-06-03 12:00:00,22.55487,20.0,6
can-pastilla-mallorca-pipeline,2025-06-03 13:00:00,22.897804,9.0,6
can-pastilla-mallorca-pipeline,2025-06-03 14:00:00,16.623314,4.0,6
can-pastilla-mallorca-pipeline,2025-06-03 15:00:00,21.130426,7.0,6
can-pastilla-mallorca-pipeline,2025-06-03 16:00:00,13.129739,3.0,6
can-pastilla-mallorca-pipeline,2025-06-03 17:00:00,22.015036,4.0,6
can-pastilla-mallorca-pipeline,2025-06-03 18:00:00,21.634438,18.0,6
can-pastilla-mallorca-pipeline,2025-06-03 19:00:00,13.920248,4.0,6
can-pastilla-mallorca-pipeline,2025-06-03 20:00:00,20.334076,1.0,6
can-pastilla-mallorca-pipeline,2025-06-04 08:00:00,9.408342,3.0,6
can-pastilla-mallorca-pipeline,2025-06-04 09:00:00,17.106432,6.0,6
can-pastilla-mallorca-pipeline,2025-06-04 10:00:00,18.407444,3.0,6
can-pastilla-mallorca-pipeline,2025-06-04 11:00:00,12.103405,4.0,6
can-pastilla-mallorca-pipeline,2025-06-04 12:00:00,20.94237,6.0,6
can-pastilla-mallorca-pipeline,2025-06-04 13:00:00,22.28125,6.0,6
can-pastilla-mallorca-pipeline,2025-06-04 14:00:00,23.04588,6.0,6
can-pastilla-mallorca-pipeline,2025-06-04 15:00:00,23.364305,5.0,6
can-pastilla-mallorca-pipeline,2025-06-04 16:00:00,24.102997,13.0,6
can-pastilla-mallorca-pipeline,2025-06-04 17:00:00,23.673723,5.0,6
can-pastilla-mallorca-pipeline,2025-06-04 18:00:00,15.244482,4.0,6
can-pastilla-mallorca-pipeline,2025-06-04 19:00:00,23.183636,22.0,6
can-pastilla-mallorca-pipeline,2025-06-04 20:00:00,20.97067,2.0,6
can-pastilla-mallorca-pipeline,2025-06-05 08:00:00,15.087025,78.0,6
can-pastilla-mallorca-pipeline,2025-06-05 09:00:00,17.55061,6.0,6
can-pastilla-mallorca-pipeline,2025-06-05 10:00:00,11.231354,3.0,6
can-pastilla-mallorca-pipeline,2025-06-05 11:00:00,22.842947,50.0,6
can-pastilla-mallorca-pipeline,2025-06-05 12:00:00,24.557224,9.0,6
can-pastilla-mallorca-pipeline,2025-06-05 13:00:00,23.66436,3.0,6
can-pastilla-mallorca-pipeline,2025-06-05 14:00:00,13.879946,16.0,6
can-pastilla-mallorca-pipeline,2025-06-05 15:00:00,13.107126,5.0,6
can-pastilla-mallorca-pipeline,2025-06-05 16:00:00,23.550867,4.0,6
can-pastilla-mallorca-pipeline,2025-06-05 17:00:00,23.240108,7.0,6
can-pastilla-mallorca-pipeline,2025-06-05 18:00:00,22.515347,10.0,6
can-pastilla-mallorca-pipeline,2025-06-05 19:00:00,12.39087,4.0,6
can-pastilla-mallorca-pipeline,2025-06-05 20:00:00,21.963005,3.0,6
can-pastilla-mallorca-pipeline,2025-06-06 08:00:00,5.187431,3.0,6
can-pastilla-mallorca-pipeline,2025-06-06 09:00:00,15.95831,10.0,6
can-pastilla-mallorca-pipeline,2025-06-06 10:00:00,18.965914,13.0,6
can-pastilla-mallorca-pipeline,2025-06-06 11:00:00,22.580631,5.0,6
can-pastilla-mallorca-pipeline,2025-06-06 12:00:00,24.916616,9.0,6
can-pastilla-mallorca-pipeline,2025-06-06 13:00:00,14.272506,13.0,6
can-pastilla-mallorca-pipeline,2025-06-06 14:00:00,25.50246,12.0,6
can-pastilla-mallorca-pipeline,2025-06-06 15:00:00,25.315578,11.0,6
can-pastilla-mallorca-pipeline,2025-06-06 16:00:00,13.885533,52.0,6
can-pastilla-mallorca-pipeline,2025-06-06 17:00:00,14.318658,43.0,6
can-pastilla-mallorca-pipeline,2025-06-06 18:00:00,13.691839,30.0,6
can-pastilla-mallorca-pipeline,2025-06-06 19:00:00,23.82786,5.0,6
can-pastilla-mallorca-pipeline,2025-06-06 20:00:00,12.774741,6.0,6
can-pastilla-mallorca-pipeline,2025-06-07 08:00:00,8.045508,8.0,6
can-pastilla-mallorca-pipeline,2025-06-07 09:00:00,18.516039,18.0,6
can-pastilla-mallorca-pipeline,2025-06-07 10:00:00,11.121739,90.0,6
can-pastilla-mallorca-pipeline,2025-06-07 11:00:00,13.284523,23.0,6
can-pastilla-mallorca-pipeline,2025-06-07 12:00:00,24.696014,14.0,6
can-pastilla-mallorca-pipeline,2025-06-07 13:00:00,14.507159,19.0,6
can-pastilla-mallorca-pipeline,2025-06-07 14:00:00,25.889019,16.0,6
can-pastilla-mallorca-pipeline,2025-06-07 15:00:00,15.92911,16.0,6
can-pastilla-mallorca-pipeline,2025-06-07 16:00:00,25.607992,13.0,6
can-pastilla-mallorca-pipeline,2025-06-07 17:00:00,25.604506,6.0,6
can-pastilla-mallorca-pipeline,2025-06-07 18:00:00,25.32518,22.0,6
can-pastilla-mallorca-pipeline,2025-06-07 19:00:00,14.843312,14.0,6
can-pastilla-mallorca-pipeline,2025-06-07 20:00:00,13.468888,2.0,6
can-pastilla-mallorca-pipeline,2025-06-08 09:00:00,19.92997,7.0,6
can-pastilla-mallorca-pipeline,2025-06-08 10:00:00,22.907213,20.0,6
can-pastilla-mallorca-pipeline,2025-06-08 11:00:00,25.186197,24.0,6
can-pastilla-mallorca-pipeline,2025-06-08 12:00:00,15.510789,23.0,6
can-pastilla-mallorca-pipeline,2025-06-08 13:00:00,16.585766,18.0,6
can-pastilla-mallorca-pipeline,2025-06-08 14:00:00,29.417505,24.0,6
can-pastilla-mallorca-pipeline,2025-06-08 15:00:00,28.61269,10.0,6
can-pastilla-mallorca-pipeline,2025-06-08 16:00:00,29.116491,32.0,6
can-pastilla-mallorca-pipeline,2025-06-08 17:00:00,16.561852,48.0,6
can-pastilla-mallorca-pipeline,2025-06-08 18:00:00,27.578342,5.0,6
can-pastilla-mallorca-pipeline,2025-06-08 19:00:00,26.49893,5.0,6
can-pastilla-mallorca-pipeline,2025-06-08 20:00:00,24.806753,2.0,6
can-pastilla-mallorca-pipeline,2025-06-09 08:00:00,13.897241,31.0,6
can-pastilla-mallorca-pipeline,2025-06-09 09:00:00,10.351124,10.0,6
can-pastilla-mallorca-pipeline,2025-06-09 10:00:00,12.213429,42.0,6
can-pastilla-mallorca-pipeline,2025-06-09 11:00:00,13.937369,24.0,6
can-pastilla-mallorca-pipeline,2025-06-09 12:00:00,14.952663,30.0,6
can-pastilla-mallorca-pipeline,2025-06-09 13:00:00,22.267773,18.0,6
can-pastilla-mallorca-pipeline,2025-06-09 14:00:00,14.436804,42.0,6
can-pastilla-mallorca-pipeline,2025-06-09 15:00:00,22.36247,19.0,6
can-pastilla-mallorca-pipeline,2025-06-09 16:00:00,14.469124,72.0,6
can-pastilla-mallorca-pipeline,2025-06-09 17:00:00,21.643452,34.0,6
can-pastilla-mallorca-pipeline,2025-06-09 18:00:00,21.121067,37.0,6
can-pastilla-mallorca-pipeline,2025-06-09 19:00:00,20.601116,11.0,6
can-pastilla-mallorca-pipeline,2025-06-09 20:00:00,19.41127,3.0,6
can-pastilla-mallorca-pipeline,2025-06-10 08:00:00,9.100527,6.0,6
can-pastilla-mallorca-pipeline,2025-06-10 09:00:00,17.819841,4.0,6
can-pastilla-mallorca-pipeline,2025-06-10 10:00:00,19.8224,20.0,6
can-pastilla-mallorca-pipeline,2025-06-10 11:00:00,20.867765,13.0,6
golf-camp-de-mar,2025-06-01 08:00:00,8.158453,39.0,6
golf-camp-de-mar,2025-06-01 09:00:00,7.534903,36.0,6
golf-camp-de-mar,2025-06-01 10:00:00,8.079265,15.0,6
golf-camp-de-mar,2025-06-01 11:00:00,9.948797,4.0,6
golf-camp-de-mar,2025-06-01 12:00:00,8.954967,3.0,6
golf-camp-de-mar,2025-06-01 13:00:00,10.181159,3.0,6
golf-camp-de-mar,2025-06-01 14:00:00,10.184494,2.0,6
golf-camp-de-mar,2025-06-01 15:00:00,10.02946,1.0,6
golf-camp-de-mar,2025-06-01 16:00:00,8.435398,1.0,6
golf-camp-de-mar,2025-06-01 17:00:00,8.38662,1.0,6
golf-camp-de-mar,2025-06-01 18:00:00,7.922542,1.0,6
golf-camp-de-mar,2025-06-01 19:00:00,8.908294,4.0,6
golf-camp-de-mar,2025-06-01 20:00:00,8.36319,2.0,6
golf-camp-de-mar,2025-06-02 08:00:00,4.3340626,24.0,6
golf-camp-de-mar,2025-06-02 09:00:00,5.402173,32.0,6
golf-camp-de-mar,2025-06-02 10:00:00,6.2802963,4.0,6
golf-camp-de-mar,2025-06-02 11:00:00,6.2669687,1.0,6
golf-camp-de-mar,2025-06-02 12:00:00,6.2831125,1.0,6
golf-camp-de-mar,2025-06-02 13:00:00,7.210317,1.0,6
golf-camp-de-mar,2025-06-02 14:00:00,7.2051606,2.0,6
golf-camp-de-mar,2025-06-02 15:00:00,7.29549,1.0,6
golf-camp-de-mar,2025-06-02 16:00:00,7.143917,1.0,6
golf-camp-de-mar,2025-06-02 17:00:00,7.2064657,1.0,6
golf-camp-de-mar,2025-06-02 18:00:00,6.854718,1.0,6
golf-camp-de-mar,2025-06-02 19:00:00,6.5144825,1.0,6
golf-camp-de-mar,2025-06-02 20:00:00,6.20449,3.0,6
golf-camp-de-mar,2025-06-03 08:00:00,3.9404063,30.0,6
golf-camp-de-mar,2025-06-03 09:00:00,4.3125734,29.0,6
golf-camp-de-mar,2025-06-03 10:00:00,4.850568,12.0,6
golf-camp-de-mar,2025-06-03 11:00:00,5.3142366,2.0,6
golf-camp-de-mar,2025-06-03 12:00:00,5.58981,1.0,6
golf-camp-de-mar,2025-06-03 13:00:00,5.8268304,1.0,6
golf-camp-de-mar,2025-06-03 14:00:00,6.2207394,1.0,6
golf-camp-de-mar,2025-06-03 15:00:00,5.682411,1.0,6
golf-camp-de-mar,2025-06-03 16:00:00,5.3696175,1.0,6
golf-camp-de-mar,2025-06-03 17:00:00,6.5225196,1.0,6
golf-camp-de-mar,2025-06-03 18:00:00,6.2628736,1.0,6
golf-camp-de-mar,2025-06-03 19:00:00,5.961693,1.0,6
golf-camp-de-mar,2025-06-03 20:00:00,5.9773684,2.0,6
golf-camp-de-mar,2025-06-04 08:00:00,4.318904,28.0,6
golf-camp-de-mar,2025-06-04 09:00:00,4.691025,16.0,6
golf-camp-de-mar,2025-06-04 10:00:00,4.865513,3.0,6
golf-camp-de-mar,2025-06-04 11:00:00,5.066213,2.0,6
golf-camp-de-mar,2025-06-04 12:00:00,5.927142,2.0,6
golf-camp-de-mar,2025-06-04 13:00:00,6.561459,1.0,6
golf-camp-de-mar,2025-06-04 14:00:00,6.7545996,1.0,6
golf-camp-de-mar,2025-06-04 15:00:00,6.5731273,2.0,6
golf-camp-de-mar,2025-06-04 16:00:00,7.09397,1.0,6
golf-camp-de-mar,2025-06-04 17:00:00,7.1112437,1.0,6
golf-camp-de-mar,2025-06-04 18:00:00,6.8267336,1.0,6
golf-camp-de-mar,2025-06-04 19:00:00,7.1522384,1.0,6
golf-camp-de-mar,2025-06-04 20:00:00,6.3396935,4.0,6
golf-camp-de-mar,2025-06-05 08:00:00,4.0698333,34.0,6
golf-camp-de-mar,2025-06-05 09:00:00,4.9104896,23.0,6
golf-camp-de-mar,2025-06-05 10:00:00,4.4336576,3.0,6
golf-camp-de-mar,2025-06-05 11:00:00,6.234266,3.0,6
golf-camp-de-mar,2025-06-05 12:00:00,6.6827807,4.0,6
golf-camp-de-mar,2025-06-05 13:00:00,6.6283946,2.0,6
golf-camp-de-mar,2025-06-05 14:00:00,5.7456326,1.0,6
golf-camp-de-mar,2025-06-05 15:00:00,5.3793488,2.0,6
golf-camp-de-mar,2025-06-05 16:00:00,6.5702763,1.0,6
golf-camp-de-mar,2025-06-05 17:00:00,6.6110644,1.0,6
golf-camp-de-mar,2025-06-05 18:00:00,6.4237676,1.0,6
golf-camp-de-mar,2025-06-05 19:00:00,5.248319,1.0,6
golf-camp-de-mar,2025-06-05 20:00:00,6.59906,4.0,6
golf-camp-de-mar,2025-06-06 08:00:00,3.6788795,29.0,6
golf-camp-de-mar,2025-06-06 09:00:00,4.7768936,22.0,6
golf-camp-de-mar,2025-06-06 10:00:00,5.1809907,12.0,6
golf-camp-de-mar,2025-06-06 11:00:00,6.10798,7.0,6
golf-camp-de-mar,2025-06-06 12:00:00,6.5121593,3.0,6
golf-camp-de-mar,2025-06-06 13:00:00,5.4213123,2.0,6
golf-camp-de-mar,2025-06-06 14:00:00,6.9156084,1.0,6
golf-camp-de-mar,2025-06-06 15:00:00,6.8534513,2.0,6
golf-camp-de-mar,2025-06-06 16:00:00,5.493228,1.0,6
golf-camp-de-mar,2025-06-06 17:00:00,6.193204,1.0,6
golf-camp-de-mar,2025-06-06 18:00:00,5.954173,1.0,6
golf-camp-de-mar,2025-06-06 19:00:00,7.109827,1.0,6
golf-camp-de-mar,2025-06-06 20:00:00,5.6202164,2.0,6
golf-camp-de-mar,2025-06-07 08:00:00,4.579756,33.0,6
golf-camp-de-mar,2025-06-07 09:00:00,5.604889,32.0,6
golf-camp-de-mar,2025-06-07 10:00:00,4.7899017,7.0,6
golf-camp-de-mar,2025-06-07 11:00:00,5.6602507,4.0,6
golf-camp-de-mar,2025-06-07 12:00:00,6.7885337,3.0,6
golf-camp-de-mar,2025-06-07 13:00:00,5.9091907,1.0,6
golf-camp-de-mar,2025-06-07 14:00:00,7.184275,1.0,6
golf-camp-de-mar,2025-06-07 15:00:00,6.708438,1.0,6
golf-camp-de-mar,2025-06-07 16:00:00,7.2959,2.0,6
golf-camp-de-mar,2025-06-07 17:00:00,7.573576,1.0,6
golf-camp-de-mar,2025-06-07 18:00:00,7.333976,1.0,6
golf-camp-de-mar,2025-06-07 19:00:00,6.5765495,2.0,6
golf-camp-de-mar,2025-06-07 20:00:00,5.959818,2.0,6
golf-camp-de-mar,2025-06-08 08:00:00,4.575911,26.0,6
golf-camp-de-mar,2025-06-08 09:00:00,5.7557616,33.0,6
golf-camp-de-mar,2025-06-08 10:00:00,6.4886713,18.0,6
golf-camp-de-mar,2025-06-08 11:00:00,6.0150375,5.0,6
golf-camp-de-mar,2025-06-08 12:00:00,6.526538,2.0,6
golf-camp-de-mar,2025-06-08 13:00:00,7.9786596,2.0,6
golf-camp-de-mar,2025-06-08 14:00:00,7.8452706,1.0,6
golf-camp-de-mar,2025-06-08 15:00:00,7.702197,1.0,6
golf-camp-de-mar,2025-06-08 16:00:00,6.389323,1.0,6
golf-camp-de-mar,2025-06-08 17:00:00,7.579878,1.0,6
golf-camp-de-mar,2025-06-08 18:00:00,7.8256016,1.0,6
golf-camp-de-mar,2025-06-08 19:00:00,7.664038,1.0,6
golf-camp-de-mar,2025-06-08 20:00:00,7.6239223,2.0,6
golf-camp-de-mar,2025-06-09 08:00:00,3.5366354,31.0,6
golf-camp-de-mar,2025-06-09 09:00:00,4.093242,33.0,6
golf-camp-de-mar,2025-06-09 10:00:00,4.585415,15.0,6
golf-camp-de-mar,2025-06-09 11:00:00,4.8815784,4.0,6
golf-camp-de-mar,2025-06-09 12:00:00,5.7447114,5.0,6
golf-camp-de-mar,2025-06-09 13:00:00,5.3962474,1.0,6
golf-camp-de-mar,2025-06-09 14:00:00,6.0324163,1.0,6
golf-camp-de-mar,2025-06-09 15:00:00,5.718891,3.0,6
golf-camp-de-mar,2025-06-09 16:00:00,6.2194266,1.0,6
golf-camp-de-mar,2025-06-09 17:00:00,6.102025,1.0,6
golf-camp-de-mar,2025-06-09 18:00:00,6.082983,1.0,6
golf-camp-de-mar,2025-06-09 19:00:00,5.7644663,1.0,6
golf-camp-de-mar,2025-06-09 20:00:00,5.3111653,3.0,6
golf-camp-de-mar,2025-06-10 08:00:00,3.7832725,32.0,6
golf-camp-de-mar,2025-06-10 09:00:00,4.482987,28.0,6
golf-camp-de-mar,2025-06-10 10:00:00,4.945012,8.0,6
muro-sector-i,2025-06-01 08:00:00,57.091686,6.0,6
muro-sector-i,2025-06-01 09:00:00,57.67595,132.0,6
muro-sector-i,2025-06-01 10:00:00,68.158226,71.0,6
muro-sector-i,2025-06-01 11:00:00,87.31251,15.0,6
muro-sector-i,2025-06-01 12:00:00,82.54917,7.0,6
muro-sector-i,2025-06-01 13:00:00,97.44409,16.0,6
muro-sector-i,2025-06-01 14:00:00,96.24399,21.0,6
muro-sector-i,2025-06-01 15:00:00,91.79027,71.0,6
muro-sector-i,2025-06-01 16:00:00,79.634094,11.0,6
muro-sector-i,2025-06-01 17:00:00,84.423645,6.0,6
muro-sector-i,2025-06-01 18:00:00,78.94243,2.0,6
muro-sector-i,2025-06-01 19:00:00,96.04028,2.0,6
muro-sector-i,2025-06-01 20:00:00,88.475,5.0,6
muro-sector-i,2025-06-02 08:00:00,53.118374,34.0,6
muro-sector-i,2025-06-02 09:00:00,43.176346,50.0,6
muro-sector-i,2025-06-02 10:00:00,64.8786,93.0,6
muro-sector-i,2025-06-02 11:00:00,68.63223,3.0,6
muro-sector-i,2025-06-02 12:00:00,73.67259,2.0,6
muro-sector-i,2025-06-02 13:00:00,79.68757,8.0,6
muro-sector-i,2025-06-02 14:00:00,80.79618,6.0,6
muro-sector-i,2025-06-02 15:00:00,78.81683,29.0,6
muro-sector-i,2025-06-02 16:00:00,56.602695,13.0,6
muro-sector-i,2025-06-02 17:00:00,55.125076,15.0,6
muro-sector-i,2025-06-02 18:00:00,52.758823,7.0,6
muro-sector-i,2025-06-02 19:00:00,68.85884,2.0,6
muro-sector-i,2025-06-02 20:00:00,66.826035,3.0,6
muro-sector-i,2025-06-03 08:00:00,35.511406,9.0,6
muro-sector-i,2025-06-03 09:00:00,40.172665,17.0,6
muro-sector-i,2025-06-03 10:00:00,65.06514,62.0,6
muro-sector-i,2025-06-03 11:00:00,72.23351,20.0,6
muro-sector-i,2025-06-03 12:00:00,75.25954,15.0,6
muro-sector-i,2025-06-03 13:00:00,75.77261,6.0,6
muro-sector-i,2025-06-03 14:00:00,57.61644,7.0,6
muro-sector-i,2025-06-03 15:00:00,83.82809,5.0,6
muro-sector-i,2025-06-03 16:00:00,61.95444,10.0,6
muro-sector-i,2025-06-03 17:00:00,79.58562,5.0,6
muro-sector-i,2025-06-03 18:00:00,83.95774,5.0,6
muro-sector-i,2025-06-03 19:00:00,58.922234,3.0,6
muro-sector-i,2025-06-03 20:00:00,76.93426,4.0,6
muro-sector-i,2025-06-04 08:00:00,37.17917,8.0,6
muro-sector-i,2025-06-04 09:00:00,58.31161,54.0,6
muro-sector-i,2025-06-04 10:00:00,64.210144,96.0,6
muro-sector-i,2025-06-04 11:00:00,51.07286,37.0,6
muro-sector-i,2025-06-04 12:00:00,82.63474,3.0,6
muro-sector-i,2025-06-04 13:00:00,82.6109,11.0,6
muro-sector-i,2025-06-04 14:00:00,73.2716,9.0,6
muro-sector-i,2025-06-04 15:00:00,71.99731,5.0,6
muro-sector-i,2025-06-04 16:00:00,73.471275,24.0,6
muro-sector-i,2025-06-04 17:00:00,74.05688,8.0,6
muro-sector-i,2025-06-04 18:00:00,51.05031,9.0,6
muro-sector-i,2025-06-04 19:00:00,72.6407,2.0,6
muro-sector-i,2025-06-04 20:00:00,66.64468,11.0,6
muro-sector-i,2025-06-05 08:00:00,49.731586,11.0,6
muro-sector-i,2025-06-05 09:00:00,58.495533,53.0,6
muro-sector-i,2025-06-05 10:00:00,42.516586,120.0,6
muro-sector-i,2025-06-05 11:00:00,73.800255,45.0,6
muro-sector-i,2025-06-05 12:00:00,78.90282,9.0,6
muro-sector-i,2025-06-05 13:00:00,83.14128,7.0,6
muro-sector-i,2025-06-05 14:00:00,61.45318,9.0,6
muro-sector-i,2025-06-05 15:00:00,62.297276,49.0,6
muro-sector-i,2025-06-05 16:00:00,92.27897,20.0,6
muro-sector-i,2025-06-05 17:00:00,92.38316,15.0,6
muro-sector-i,2025-06-05 18:00:00,89.51209,4.0,6
muro-sector-i,2025-06-05 19:00:00,56.194313,2.0,6
muro-sector-i,2025-06-05 20:00:00,79.182014,3.0,6
muro-sector-i,2025-06-06 08:00:00,26.794098,10.0,6
muro-sector-i,2025-06-06 09:00:00,60.237236,62.0,6
muro-sector-i,2025-06-06 10:00:00,68.58569,69.0,6
muro-sector-i,2025-06-06 11:00:00,76.177605,28.0,6
muro-sector-i,2025-06-06 12:00:00,83.170364,28.0,6
muro-sector-i,2025-06-06 13:00:00,59.84574,5.0,6
muro-sector-i,2025-06-06 14:00:00,92.64248,7.0,6
muro-sector-i,2025-06-06 15:00:00,89.73524,51.0,6
muro-sector-i,2025-06-06 16:00:00,61.648365,11.0,6
muro-sector-i,2025-06-06 17:00:00,64.193474,20.0,6
muro-sector-i,2025-06-06 18:00:00,61.385372,4.0,6
muro-sector-i,2025-06-06 19:00:00,88.84555,3.0,6
muro-sector-i,2025-06-06 20:00:00,55.342415,2.0,6
muro-sector-i,2025-06-07 08:00:00,34.52278,12.0,6
muro-sector-i,2025-06-07 09:00:00,63.151512,13.0,6
muro-sector-i,2025-06-07 10:00:00,48.281883,77.0,6
muro-sector-i,2025-06-07 11:00:00,57.482124,46.0,6
muro-sector-i,2025-06-07 12:00:00,89.96064,33.0,6
muro-sector-i,2025-06-07 13:00:00,62.164932,6.0,6
muro-sector-i,2025-06-07 14:00:00,83.81893,8.0,6
muro-sector-i,2025-06-07 15:00:00,59.415043,3.0,6
muro-sector-i,2025-06-07 16:00:00,81.23322,18.0,6
muro-sector-i,2025-06-07 17:00:00,81.248,30.0,6
muro-sector-i,2025-06-07 18:00:00,79.11585,10.0,6
muro-sector-i,2025-06-07 19:00:00,51.085888,5.0,6
muro-sector-i,2025-06-07 20:00:00,47.65976,3.0,6
muro-sector-i,2025-06-08 08:00:00,63.149372,4.0,6
muro-sector-i,2025-06-08 09:00:00,69.466705,4.0,6
muro-sector-i,2025-06-08 10:00:00,72.60011,15.0,6
muro-sector-i,2025-06-08 11:00:00,48.451374,55.0,6
muro-sector-i,2025-06-08 12:00:00,50.366524,26.0,6
muro-sector-i,2025-06-08 13:00:00,77.59168,34.0,6
muro-sector-i,2025-06-08 14:00:00,76.97677,14.0,6
muro-sector-i,2025-06-08 15:00:00,77.08521,5.0,6
muro-sector-i,2025-06-08 16:00:00,51.059097,10.0,6
muro-sector-i,2025-06-08 17:00:00,76.15629,13.0,6
muro-sector-i,2025-06-08 18:00:00,75.11601,16.0,6
muro-sector-i,2025-06-08 19:00:00,72.67594,6.0,6
muro-sector-i,2025-06-08 20:00:00,69.759384,6.0,6
muro-sector-i,2025-06-09 08:00:00,31.507936,11.0,6
muro-sector-i,2025-06-09 09:00:00,38.43265,41.0,6
muro-sector-i,2025-06-09 10:00:00,41.971416,53.0,6
muro-sector-i,2025-06-09 11:00:00,45.282616,74.0,6
muro-sector-i,2025-06-09 12:00:00,71.93038,19.0,6
muro-sector-i,2025-06-09 13:00:00,49.16861,12.0,6
muro-sector-i,2025-06-09 14:00:00,73.97484,11.0,6
muro-sector-i,2025-06-09 15:00:00,49.64029,5.0,6
muro-sector-i,2025-06-09 16:00:00,73.62559,31.0,6
muro-sector-i,2025-06-09 17:00:00,72.03833,12.0,6
muro-sector-i,2025-06-09 18:00:00,70.94155,12.0,6
muro-sector-i,2025-06-09 19:00:00,68.57046,11.0,6
muro-sector-i,2025-06-09 20:00:00,44.93969,4.0,6
muro-sector-i,2025-06-10 08:00:00,54.358723,9.0,6
muro-sector-i,2025-06-10 09:00:00,62.412415,8.0,6
muro-sector-i,2025-06-10 10:00:00,72.532265,21.0,6
platja-marina,2025-06-01 08:00:00,35.372967,8.0,6
platja-marina,2025-06-01 09:00:00,35.46415,18.0,6
platja-marina,2025-06-01 10:00:00,39.247124,16.0,6
platja-marina,2025-06-01 11:00:00,46.342075,12.0,6
platja-marina,2025-06-01 12:00:00,44.888165,7.0,6
platja-marina,2025-06-01 13:00:00,50.31202,9.0,6
platja-marina,2025-06-01 14:00:00,50.135845,14.0,6
platja-marina,2025-06-01 15:00:00,48.764683,8.0,6
platja-marina,2025-06-01 16:00:00,44.112053,3.0,6
platja-marina,2025-06-01 17:00:00,45.95314,5.0,6
platja-marina,2025-06-01 18:00:00,43.983917,6.0,6
platja-marina,2025-06-01 19:00:00,50.35356,1.0,6
platja-marina,2025-06-01 20:00:00,47.690388,1.0,6
platja-marina,2025-06-02 08:00:00,34.25709,6.0,6
platja-marina,2025-06-02 09:00:00,30.204155,8.0,6
platja-marina,2025-06-02 10:00:00,38.67234,7.0,6
platja-marina,2025-06-02 11:00:00,40.535843,16.0,6
platja-marina,2025-06-02 12:00:00,42.55989,13.0,6
platja-marina,2025-06-02 13:00:00,44.69676,12.0,6
platja-marina,2025-06-02 14:00:00,45.397873,17.0,6
platja-marina,2025-06-02 15:00:00,44.516457,6.0,6
platja-marina,2025-06-02 16:00:00,35.609756,4.0,6
platja-marina,2025-06-02 17:00:00,35.168533,1.0,6
platja-marina,2025-06-02 18:00:00,34.22269,0.0,6
platja-marina,2025-06-02 19:00:00,40.08104,1.0,6
platja-marina,2025-06-02 20:00:00,39.252007,1.0,6
platja-marina,2025-06-03 08:00:00,27.458458,5.0,6
platja-marina,2025-06-03 09:00:00,29.125614,5.0,6
platja-marina,2025-06-03 10:00:00,39.35472,4.0,6
platja-marina,2025-06-03 11:00:00,42.08484,7.0,6
platja-marina,2025-06-03 12:00:00,43.292534,9.0,6
platja-marina,2025-06-03 13:00:00,43.469475,10.0,6
platja-marina,2025-06-03 14:00:00,35.878124,6.0,6
platja-marina,2025-06-03 15:00:00,46.37625,2.0,6
platja-marina,2025-06-03 16:00:00,37.59222,5.0,6
platja-marina,2025-06-03 17:00:00,44.71086,5.0,6
platja-marina,2025-06-03 18:00:00,45.81798,9.0,6
platja-marina,2025-06-03 19:00:00,36.41626,5.0,6
platja-marina,2025-06-03 20:00:00,42.872986,1.0,6
platja-marina,2025-06-04 08:00:00,28.007805,7.0,6
platja-marina,2025-06-04 09:00:00,36.551586,6.0,6
platja-marina,2025-06-04 10:00:00,38.86296,10.0,6
platja-marina,2025-06-04 11:00:00,33.414925,9.0,6
platja-marina,2025-06-04 12:00:00,45.65126,12.0,6
platja-marina,2025-06-04 13:00:00,45.457832,13.0,6
platja-marina,2025-06-04 14:00:00,42.36289,15.0,6
platja-marina,2025-06-04 15:00:00,41.225594,11.0,6
platja-marina,2025-06-04 16:00:00,41.716038,6.0,6
platja-marina,2025-06-04 17:00:00,41.870712,4.0,6
platja-marina,2025-06-04 18:00:00,33.284985,4.0,6
platja-marina,2025-06-04 19:00:00,41.306007,3.0,6
platja-marina,2025-06-04 20:00:00,39.19663,1.0,6
platja-marina,2025-06-05 08:00:00,33.161884,3.0,6
platja-marina,2025-06-05 09:00:00,36.190018,9.0,6
platja-marina,2025-06-05 10:00:00,30.008457,7.0,6
platja-marina,2025-06-05 11:00:00,42.06987,9.0,6
platja-marina,2025-06-05 12:00:00,44.4296,9.0,6
platja-marina,2025-06-05 13:00:00,45.821163,12.0,6
platja-marina,2025-06-05 14:00:00,37.344097,7.0,6
platja-marina,2025-06-05 15:00:00,37.823566,11.0,6
platja-marina,2025-06-05 16:00:00,49.31042,7.0,6
platja-marina,2025-06-05 17:00:00,49.367085,6.0,6
platja-marina,2025-06-05 18:00:00,48.26563,5.0,6
platja-marina,2025-06-05 19:00:00,35.35997,1.0,6
platja-marina,2025-06-05 20:00:00,43.911976,1.0,6
platja-marina,2025-06-06 08:00:00,24.004261,6.0,6
platja-marina,2025-06-06 09:00:00,37.03383,8.0,6
platja-marina,2025-06-06 10:00:00,39.951324,13.0,6
platja-marina,2025-06-06 11:00:00,43.185234,10.0,6
platja-marina,2025-06-06 12:00:00,45.90287,9.0,6
platja-marina,2025-06-06 13:00:00,36.72013,9.0,6
platja-marina,2025-06-06 14:00:00,49.456062,7.0,6
platja-marina,2025-06-06 15:00:00,48.635387,8.0,6
platja-marina,2025-06-06 16:00:00,37.595963,6.0,6
platja-marina,2025-06-06 17:00:00,38.43338,5.0,6
platja-marina,2025-06-06 18:00:00,37.4981,2.0,6
platja-marina,2025-06-06 19:00:00,47.60841,2.0,6
platja-marina,2025-06-06 20:00:00,35.22961,1.0,6
platja-marina,2025-06-07 08:00:00,27.172134,6.0,6
platja-marina,2025-06-07 09:00:00,38.046696,12.0,6
platja-marina,2025-06-07 10:00:00,32.263176,9.0,6
platja-marina,2025-06-07 11:00:00,35.82385,9.0,6
platja-marina,2025-06-07 12:00:00,48.355804,12.0,6
platja-marina,2025-06-07 13:00:00,37.740147,9.0,6
platja-marina,2025-06-07 14:00:00,45.968056,13.0,6
platja-marina,2025-06-07 15:00:00,36.57936,10.0,6
platja-marina,2025-06-07 16:00:00,44.56268,8.0,6
platja-marina,2025-06-07 17:00:00,44.584095,3.0,6
platja-marina,2025-06-07 18:00:00,43.788635,1.0,6
platja-marina,2025-06-07 19:00:00,33.50716,4.0,6
platja-marina,2025-06-07 20:00:00,32.322556,1.0,6
platja-marina,2025-06-08 08:00:00,38.05606,7.0,6
platja-marina,2025-06-08 09:00:00,40.341347,13.0,6
platja-marina,2025-06-08 10:00:00,41.33001,18.0,6
platja-marina,2025-06-08 11:00:00,32.5517,21.0,6
platja-marina,2025-06-08 12:00:00,33.206467,13.0,6
platja-marina,2025-06-08 13:00:00,43.166115,12.0,6
platja-marina,2025-06-08 14:00:00,43.004753,8.0,6
platja-marina,2025-06-08 15:00:00,43.049976,5.0,6
platja-marina,2025-06-08 16:00:00,33.561394,6.0,6
platja-marina,2025-06-08 17:00:00,42.734673,3.0,6
platja-marina,2025-06-08 18:00:00,42.368607,1.0,6
platja-marina,2025-06-08 19:00:00,41.49278,2.0,6
platja-marina,2025-06-08 20:00:00,40.423065,1.0,6
platja-marina,2025-06-09 08:00:00,25.793009,8.0,6
platja-marina,2025-06-09 09:00:00,28.6296,11.0,6
platja-marina,2025-06-09 10:00:00,29.982151,12.0,6
platja-marina,2025-06-09 11:00:00,31.309387,12.0,6
platja-marina,2025-06-09 12:00:00,40.954887,6.0,6
platja-marina,2025-06-09 13:00:00,32.889553,12.0,6
platja-marina,2025-06-09 14:00:00,41.75969,8.0,6
platja-marina,2025-06-09 15:00:00,33.065323,9.0,6
platja-marina,2025-06-09 16:00:00,41.699974,6.0,6
platja-marina,2025-06-09 17:00:00,41.154778,3.0,6
platja-marina,2025-06-09 18:00:00,40.732254,2.0,6
platja-marina,2025-06-09 19:00:00,39.878807,6.0,6
platja-marina,2025-06-09 20:00:00,31.329645,1.0,6
platja-marina,2025-06-10 08:00:00,34.713284,7.0,6
platja-marina,2025-06-10 09:00:00,37.589447,8.0,6
platja-marina,2025-06-10 10:00:00,41.218506,14.0,6
port,2025-06-01 08:00:00,91.25451,2.0,6
port,2025-06-01 09:00:00,85.30001,4.0,6
port,2025-06-01 10:00:00,90.60097,5.0,6
port,2025-06-01 11:00:00,106.12455,5.0,6
port,2025-06-01 12:00:00,93.0086,5.0,6
port,2025-06-01 13:00:00,112.47967,5.0,6
port,2025-06-01 14:00:00,111.82873,5.0,6
port,2025-06-01 15:00:00,111.408676,14.0,6
port,2025-06-01 16:00:00,90.17426,5.0,6
port,2025-06-01 17:00:00,91.88983,2.0,6
port,2025-06-01 18:00:00,92.704834,2.0,6
port,2025-06-01 19:00:00,114.979164,2.0,6
port,2025-06-01 20:00:00,110.66673,2.0,6
port,2025-06-02 08:00:00,86.21543,8.0,6
port,2025-06-02 09:00:00,75.30034,10.0,6
port,2025-06-02 10:00:00,96.62558,4.0,6
port,2025-06-02 11:00:00,97.42432,4.0,6
port,2025-06-02 12:00:00,97.55932,5.0,6
port,2025-06-02 13:00:00,100.20418,5.0,6
port,2025-06-02 14:00:00,99.28186,5.0,6
port,2025-06-02 15:00:00,96.27823,11.0,6
port,2025-06-02 16:00:00,80.37307,10.0,6
port,2025-06-02 17:00:00,80.5616,10.0,6
port,2025-06-02 18:00:00,79.19298,27.0,6
port,2025-06-02 19:00:00,94.24968,2.0,6
port,2025-06-02 20:00:00,93.10011,3.0,6
port,2025-06-03 08:00:00,66.13843,5.0,6
port,2025-06-03 09:00:00,68.952934,3.0,6
port,2025-06-03 10:00:00,86.83849,5.0,6
port,2025-06-03 11:00:00,89.03642,3.0,6
port,2025-06-03 12:00:00,88.15759,3.0,6
port,2025-06-03 13:00:00,89.70065,3.0,6
port,2025-06-03 14:00:00,75.67377,2.0,6
port,2025-06-03 15:00:00,91.12477,6.0,6
port,2025-06-03 16:00:00,74.47428,3.0,6
port,2025-06-03 17:00:00,96.90332,3.0,6
port,2025-06-03 18:00:00,97.300415,3.0,6
port,2025-06-03 19:00:00,77.76707,3.0,6
port,2025-06-03 20:00:00,97.468346,2.0,6
port,2025-06-04 08:00:00,65.36535,4.0,6
port,2025-06-04 09:00:00,86.808945,3.0,6
port,2025-06-04 10:00:00,89.66197,3.0,6
port,2025-06-04 11:00:00,71.85979,3.0,6
port,2025-06-04 12:00:00,92.569214,5.0,6
port,2025-06-04 13:00:00,95.12572,4.0,6
port,2025-06-04 14:00:00,95.87883,5.0,6
port,2025-06-04 15:00:00,92.92621,3.0,6
port,2025-06-04 16:00:00,94.71789,3.0,6
port,2025-06-04 17:00:00,95.30913,8.0,6
port,2025-06-04 18:00:00,75.99253,9.0,6
port,2025-06-04 19:00:00,97.24878,3.0,6
port,2025-06-04 20:00:00,96.00112,2.0,6
port,2025-06-05 08:00:00,83.26514,3.0,6
port,2025-06-05 09:00:00,88.56684,2.0,6
port,2025-06-05 10:00:00,70.83695,3.0,6
port,2025-06-05 11:00:00,94.425674,4.0,6
port,2025-06-05 12:00:00,94.71872,3.0,6
port,2025-06-05 13:00:00,95.09752,3.0,6
port,2025-06-05 14:00:00,73.50559,7.0,6
port,2025-06-05 15:00:00,72.9798,6.0,6
port,2025-06-05 16:00:00,99.28602,5.0,6
port,2025-06-05 17:00:00,99.80434,5.0,6
port,2025-06-05 18:00:00,98.94777,10.0,6
port,2025-06-05 19:00:00,75.96402,2.0,6
port,2025-06-05 20:00:00,101.87772,2.0,6
port,2025-06-06 08:00:00,64.23756,4.0,6
port,2025-06-06 09:00:00,91.54999,4.0,6
port,2025-06-06 10:00:00,94.68145,3.0,6
port,2025-06-06 11:00:00,98.30357,4.0,6
port,2025-06-06 12:00:00,97.212524,4.0,6
port,2025-06-06 13:00:00,71.69484,4.0,6
port,2025-06-06 14:00:00,96.40758,3.0,6
port,2025-06-06 15:00:00,94.31473,8.0,6
port,2025-06-06 16:00:00,71.63887,10.0,6
port,2025-06-06 17:00:00,74.96242,8.0,6
port,2025-06-06 18:00:00,76.0246,3.0,6
port,2025-06-06 19:00:00,101.35962,3.0,6
port,2025-06-06 20:00:00,75.81732,2.0,6
port,2025-06-07 08:00:00,67.948654,3.0,6
port,2025-06-07 09:00:00,95.124695,3.0,6
port,2025-06-07 10:00:00,74.53424,2.0,6
port,2025-06-07 11:00:00,77.90041,3.0,6
port,2025-06-07 12:00:00,100.60704,11.0,6
port,2025-06-07 13:00:00,76.21449,4.0,6
port,2025-06-07 14:00:00,100.293396,6.0,6
port,2025-06-07 15:00:00,78.81637,5.0,6
port,2025-06-07 16:00:00,101.54248,7.0,6
port,2025-06-07 17:00:00,104.0408,12.0,6
port,2025-06-07 18:00:00,102.43307,12.0,6
port,2025-06-07 19:00:00,80.297775,4.0,6
port,2025-06-07 20:00:00,80.95657,2.0,6
port,2025-06-08 08:00:00,87.572556,4.0,6
port,2025-06-08 09:00:00,94.54497,4.0,6
port,2025-06-08 10:00:00,97.678986,5.0,6
port,2025-06-08 11:00:00,77.1839,4.0,6
port,2025-06-08 12:00:00,78.41353,9.0,6
port,2025-06-08 13:00:00,104.078255,7.0,6
port,2025-06-08 14:00:00,105.90604,14.0,6
port,2025-06-08 15:00:00,105.340096,28.0,6
port,2025-06-08 16:00:00,80.68307,28.0,6
port,2025-06-08 17:00:00,105.64858,25.0,6
port,2025-06-08 18:00:00,106.01343,22.0,6
port,2025-06-08 19:00:00,105.73857,3.0,6
port,2025-06-08 20:00:00,104.67571,2.0,6
port,2025-06-09 08:00:00,61.86741,3.0,6
port,2025-06-09 09:00:00,65.2348,4.0,6
port,2025-06-09 10:00:00,68.09689,7.0,6
port,2025-06-09 11:00:00,69.455475,6.0,6
port,2025-06-09 12:00:00,91.81212,4.0,6
port,2025-06-09 13:00:00,70.78947,4.0,6
port,2025-06-09 14:00:00,90.17673,4.0,6
port,2025-06-09 15:00:00,72.76637,7.0,6
port,2025-06-09 16:00:00,92.76567,3.0,6
port,2025-06-09 17:00:00,92.29101,3.0,6
port,2025-06-09 18:00:00,94.26218,6.0,6
port,2025-06-09 19:00:00,92.59542,3.0,6
port,2025-06-09 20:00:00,76.00207,2.0,6
port,2025-06-10 08:00:00,83.876396,4.0,6
port,2025-06-10 09:00:00,87.56528,3.0,6
port,2025-06-10 10:00:00,91.60261,3.0,6
punta-de-sa-galera,2025-06-01 08:00:00,3.6109273,7.0,6
punta-de-sa-galera,2025-06-01 09:00:00,3.5685852,18.0,6
punta-de-sa-galera,2025-06-01 10:00:00,3.8134785,16.0,6
punta-de-sa-galera,2025-06-01 11:00:00,4.2526355,21.0,6
punta-de-sa-galera,2025-06-01 12:00:00,4.2135153,17.0,6
punta-de-sa-galera,2025-06-01 13:00:00,4.6707644,19.0,6
punta-de-sa-galera,2025-06-01 14:00:00,4.723698,25.0,6
punta-de-sa-galera,2025-06-01 15:00:00,4.73316,16.0,6
punta-de-sa-galera,2025-06-01 16:00:00,4.182931,14.0,6
punta-de-sa-galera,2025-06-01 17:00:00,4.095417,3.0,6
punta-de-sa-galera,2025-06-01 18:00:00,3.9964256,3.0,6
punta-de-sa-galera,2025-06-01 19:00:00,4.508515,7.0,6
punta-de-sa-galera,2025-06-01 20:00:00,4.243738,1.0,6
punta-de-sa-galera,2025-06-02 08:00:00,3.4870496,7.0,6
punta-de-sa-galera,2025-06-02 09:00:00,3.2190964,15.0,6
punta-de-sa-galera,2025-06-02 10:00:00,3.9117634,13.0,6
punta-de-sa-galera,2025-06-02 11:00:00,4.0448446,17.0,6
punta-de-sa-galera,2025-06-02 13:00:00,4.199159,8.0,6
punta-de-sa-galera,2025-06-02 14:00:00,4.2276115,12.0,6
punta-de-sa-galera,2025-06-02 15:00:00,4.2872987,17.0,6
punta-de-sa-galera,2025-06-02 16:00:00,4.259827,11.0,6
punta-de-sa-galera,2025-06-02 17:00:00,3.681035,9.0,6
punta-de-sa-galera,2025-06-02 18:00:00,3.6641264,2.0,6
punta-de-sa-galera,2025-06-02 19:00:00,3.51753,5.0,6
punta-de-sa-galera,2025-06-02 20:00:00,3.948728,1.0,6
punta-de-sa-galera,2025-06-03 08:00:00,3.316135,7.0,6
punta-de-sa-galera,2025-06-03 09:00:00,3.095033,21.0,6
punta-de-sa-galera,2025-06-03 10:00:00,3.1925468,19.0,6
punta-de-sa-galera,2025-06-03 11:00:00,3.8406625,18.0,6
punta-de-sa-galera,2025-06-03 12:00:00,3.8527913,10.0,6
punta-de-sa-galera,2025-06-03 13:00:00,3.862309,12.0,6
punta-de-sa-galera,2025-06-03 14:00:00,3.9244103,15.0,6
punta-de-sa-galera,2025-06-03 15:00:00,3.5101106,19.0,6
punta-de-sa-galera,2025-06-03 16:00:00,3.9248984,12.0,6
punta-de-sa-galera,2025-06-03 17:00:00,3.4917934,10.0,6
punta-de-sa-galera,2025-06-03 18:00:00,4.1849003,8.0,6
punta-de-sa-galera,2025-06-03 19:00:00,3.9931145,2.0,6
punta-de-sa-galera,2025-06-03 20:00:00,3.2709718,1.0,6
punta-de-sa-galera,2025-06-04 08:00:00,3.5189965,5.0,6
punta-de-sa-galera,2025-06-04 09:00:00,3.121696,14.0,6
punta-de-sa-galera,2025-06-04 10:00:00,3.9468126,19.0,6
punta-de-sa-galera,2025-06-04 11:00:00,4.0226994,16.0,6
punta-de-sa-galera,2025-06-04 12:00:00,3.3828735,11.0,6
punta-de-sa-galera,2025-06-04 13:00:00,4.258332,9.0,6
punta-de-sa-galera,2025-06-04 14:00:00,4.3679357,15.0,6
punta-de-sa-galera,2025-06-04 15:00:00,4.4843726,13.0,6
punta-de-sa-galera,2025-06-04 16:00:00,4.5024385,10.0,6
punta-de-sa-galera,2025-06-04 17:00:00,4.46436,3.0,6
punta-de-sa-galera,2025-06-04 18:00:00,4.32799,3.0,6
punta-de-sa-galera,2025-06-04 19:00:00,3.554555,6.0,6
punta-de-sa-galera,2025-06-04 20:00:00,4.1152525,1.0,6
punta-de-sa-galera,2025-06-05 08:00:00,3.364881,7.0,6
punta-de-sa-galera,2025-06-05 09:00:00,3.669601,16.0,6
punta-de-sa-galera,2025-06-05 10:00:00,3.8660474,9.0,6
punta-de-sa-galera,2025-06-05 11:00:00,3.2475767,12.0,6
punta-de-sa-galera,2025-06-05 12:00:00,4.189556,11.0,6
punta-de-sa-galera,2025-06-05 13:00:00,4.265526,17.0,6
punta-de-sa-galera,2025-06-05 14:00:00,4.2896347,20.0,6
punta-de-sa-galera,2025-06-05 15:00:00,3.5623527,16.0,6
punta-de-sa-galera,2025-06-05 16:00:00,3.5051942,11.0,6
punta-de-sa-galera,2025-06-05 17:00:00,4.3257513,6.0,6
punta-de-sa-galera,2025-06-05 18:00:00,4.2890544,1.0,6
punta-de-sa-galera,2025-06-05 19:00:00,4.2469397,3.0,6
punta-de-sa-galera,2025-06-05 20:00:00,3.2520716,1.0,6
punta-de-sa-galera,2025-06-06 08:00:00,3.1381135,6.0,6
punta-de-sa-galera,2025-06-06 09:00:00,2.9307494,12.0,6
punta-de-sa-galera,2025-06-06 10:00:00,3.889875,17.0,6
punta-de-sa-galera,2025-06-06 11:00:00,4.150531,16.0,6
punta-de-sa-galera,2025-06-06 12:00:00,4.329294,14.0,6
punta-de-sa-galera,2025-06-06 13:00:00,4.4039106,13.0,6
punta-de-sa-galera,2025-06-06 14:00:00,3.6508658,13.0,6
punta-de-sa-galera,2025-06-06 15:00:00,4.487317,13.0,6
punta-de-sa-galera,2025-06-06 16:00:00,4.476359,7.0,6
punta-de-sa-galera,2025-06-06 17:00:00,3.5887656,5.0,6
punta-de-sa-galera,2025-06-06 18:00:00,3.6145024,3.0,6
punta-de-sa-galera,2025-06-06 19:00:00,3.5325596,2.0,6
punta-de-sa-galera,2025-06-06 20:00:00,4.188265,1.0,6
punta-de-sa-galera,2025-06-07 08:00:00,3.0874498,6.0,6
punta-de-sa-galera,2025-06-07 09:00:00,3.2473822,20.0,6
punta-de-sa-galera,2025-06-07 10:00:00,4.1428027,14.0,6
punta-de-sa-galera,2025-06-07 11:00:00,3.4828503,22.0,6
punta-de-sa-galera,2025-06-07 12:00:00,3.6442618,10.0,6
punta-de-sa-galera,2025-06-07 13:00:00,4.4445133,12.0,6
punta-de-sa-galera,2025-06-07 14:00:00,3.6659074,10.0,6
punta-de-sa-galera,2025-06-07 15:00:00,4.5101633,14.0,6
punta-de-sa-galera,2025-06-07 16:00:00,3.7798796,14.0,6
punta-de-sa-galera,2025-06-07 17:00:00,4.6133547,10.0,6
punta-de-sa-galera,2025-06-07 18:00:00,4.630789,3.0,6
punta-de-sa-galera,2025-06-07 19:00:00,4.4761047,2.0,6
punta-de-sa-galera,2025-06-07 20:00:00,3.5727913,1.0,6
punta-de-sa-galera,2025-06-08 08:00:00,3.0096068,8.0,6
punta-de-sa-galera,2025-06-08 09:00:00,3.9043014,10.0,6
punta-de-sa-galera,2025-06-08 10:00:00,4.151385,8.0,6
punta-de-sa-galera,2025-06-08 11:00:00,4.2795706,21.0,6
punta-de-sa-galera,2025-06-08 12:00:00,3.6365538,20.0,6
punta-de-sa-galera,2025-06-08 13:00:00,3.7086477,14.0,6
punta-de-sa-galera,2025-06-08 14:00:00,4.5024557,16.0,6
punta-de-sa-galera,2025-06-08 15:00:00,4.5639715,13.0,6
punta-de-sa-galera,2025-06-08 16:00:00,4.5335665,10.0,6
punta-de-sa-galera,2025-06-08 17:00:00,3.7312732,5.0,6
punta-de-sa-galera,2025-06-08 18:00:00,4.4452424,3.0,6
punta-de-sa-galera,2025-06-08 19:00:00,4.315166,4.0,6
punta-de-sa-galera,2025-06-08 20:00:00,4.144532,1.0,6
punta-de-sa-galera,2025-06-09 08:00:00,3.4497213,7.0,6
punta-de-sa-galera,2025-06-09 09:00:00,3.080639,13.0,6
punta-de-sa-galera,2025-06-09 10:00:00,3.2510266,13.0,6
punta-de-sa-galera,2025-06-09 11:00:00,3.383551,15.0,6
punta-de-sa-galera,2025-06-09 12:00:00,3.4925401,9.0,6
punta-de-sa-galera,2025-06-09 13:00:00,4.3252296,12.0,6
punta-de-sa-galera,2025-06-09 14:00:00,3.6463127,13.0,6
punta-de-sa-galera,2025-06-09 15:00:00,4.4039702,23.0,6
punta-de-sa-galera,2025-06-09 16:00:00,3.652792,6.0,6
punta-de-sa-galera,2025-06-09 17:00:00,4.311245,2.0,6
punta-de-sa-galera,2025-06-09 18:00:00,4.152113,5.0,6
punta-de-sa-galera,2025-06-09 19:00:00,4.0762205,2.0,6
punta-de-sa-galera,2025-06-09 20:00:00,3.946197,1.0,6
punta-de-sa-galera,2025-06-10 08:00:00,2.8531861,4.0,6
punta-de-sa-galera,2025-06-10 09:00:00,3.661208,12.0,6
punta-de-sa-galera,2025-06-10 10:00:00,3.9500885,15.0,6
punta-de-sa-galera,2025-06-10 11:00:00,4.142742,19.0,6
son-serra-de-marina,2025-06-01 08:00:00,11.733366,46.0,6
son-serra-de-marina,2025-06-01 09:00:00,11.648721,65.0,6
son-serra-de-marina,2025-06-01 10:00:00,13.535945,79.0,6
son-serra-de-marina,2025-06-01 11:00:00,17.377934,94.0,6
son-serra-de-marina,2025-06-01 12:00:00,16.538523,52.0,6
son-serra-de-marina,2025-06-01 13:00:00,19.481455,65.0,6
son-serra-de-marina,2025-06-01 14:00:00,19.94422,79.0,6
son-serra-de-marina,2025-06-01 15:00:00,19.246042,92.0,6
son-serra-de-marina,2025-06-01 16:00:00,15.644648,78.0,6
son-serra-de-marina,2025-06-01 17:00:00,15.265423,63.0,6
son-serra-de-marina,2025-06-01 18:00:00,14.098918,40.0,6
son-serra-de-marina,2025-06-01 19:00:00,17.542515,31.0,6
son-serra-de-marina,2025-06-01 20:00:00,16.57111,4.0,6
son-serra-de-marina,2025-06-02 08:00:00,10.836994,35.0,6
son-serra-de-marina,2025-06-02 09:00:00,9.295561,43.0,6
son-serra-de-marina,2025-06-02 10:00:00,13.443229,58.0,6
son-serra-de-marina,2025-06-02 11:00:00,14.248458,51.0,6
son-serra-de-marina,2025-06-02 12:00:00,14.634001,31.0,6
son-serra-de-marina,2025-06-02 13:00:00,15.506052,53.0,6
son-serra-de-marina,2025-06-02 14:00:00,15.780893,60.0,6
son-serra-de-marina,2025-06-02 15:00:00,15.993844,58.0,6
son-serra-de-marina,2025-06-02 16:00:00,12.114573,37.0,6
son-serra-de-marina,2025-06-02 17:00:00,11.789895,26.0,6
son-serra-de-marina,2025-06-02 18:00:00,11.209477,28.0,6
son-serra-de-marina,2025-06-02 19:00:00,14.214242,15.0,6
son-serra-de-marina,2025-06-02 20:00:00,13.645596,3.0,6
son-serra-de-marina,2025-06-03 08:00:00,7.7905498,29.0,6
son-serra-de-marina,2025-06-03 09:00:00,9.043745,30.0,6
son-serra-de-marina,2025-06-03 10:00:00,13.827274,36.0,6
son-serra-de-marina,2025-06-03 11:00:00,15.191525,39.0,6
son-serra-de-marina,2025-06-03 12:00:00,16.267162,34.0,6
son-serra-de-marina,2025-06-03 13:00:00,16.776783,44.0,6
son-serra-de-marina,2025-06-03 14:00:00,12.8496065,39.0,6
son-serra-de-marina,2025-06-03 15:00:00,17.468887,22.0,6
son-serra-de-marina,2025-06-03 16:00:00,13.81113,39.0,6
son-serra-de-marina,2025-06-03 17:00:00,16.404968,32.0,6
son-serra-de-marina,2025-06-03 18:00:00,16.583897,21.0,6
son-serra-de-marina,2025-06-03 19:00:00,12.18151,11.0,6
son-serra-de-marina,2025-06-03 20:00:00,15.259429,1.0,6
son-serra-de-marina,2025-06-04 08:00:00,7.877958,19.0,6
son-serra-de-marina,2025-06-04 09:00:00,11.7267885,35.0,6
son-serra-de-marina,2025-06-04 10:00:00,12.688661,27.0,6
son-serra-de-marina,2025-06-04 11:00:00,10.361626,27.0,6
son-serra-de-marina,2025-06-04 12:00:00,16.2169,41.0,6
son-serra-de-marina,2025-06-04 13:00:00,17.424091,47.0,6
son-serra-de-marina,2025-06-04 14:00:00,16.545103,54.0,6
son-serra-de-marina,2025-06-04 15:00:00,15.308152,44.0,6
son-serra-de-marina,2025-06-04 16:00:00,15.925583,44.0,6
son-serra-de-marina,2025-06-04 17:00:00,15.848567,32.0,6
son-serra-de-marina,2025-06-04 18:00:00,11.952559,17.0,6
son-serra-de-marina,2025-06-04 19:00:00,16.316444,10.0,6
son-serra-de-marina,2025-06-04 20:00:00,15.019181,2.0,6
son-serra-de-marina,2025-06-05 08:00:00,10.585353,28.0,6
son-serra-de-marina,2025-06-05 09:00:00,12.543666,46.0,6
son-serra-de-marina,2025-06-05 10:00:00,9.504837,53.0,6
son-serra-de-marina,2025-06-05 11:00:00,15.426885,48.0,6
son-serra-de-marina,2025-06-05 12:00:00,16.653622,54.0,6
son-serra-de-marina,2025-06-05 13:00:00,16.664799,36.0,6
son-serra-de-marina,2025-06-05 14:00:00,12.213673,61.0,6
son-serra-de-marina,2025-06-05 15:00:00,11.786665,44.0,6
son-serra-de-marina,2025-06-05 16:00:00,17.190393,46.0,6
son-serra-de-marina,2025-06-05 17:00:00,17.491741,29.0,6
son-serra-de-marina,2025-06-05 18:00:00,17.31812,25.0,6
son-serra-de-marina,2025-06-05 19:00:00,12.109152,12.0,6
son-serra-de-marina,2025-06-05 20:00:00,16.440294,4.0,6
son-serra-de-marina,2025-06-06 08:00:00,6.2157702,22.0,6
son-serra-de-marina,2025-06-06 09:00:00,12.529062,36.0,6
son-serra-de-marina,2025-06-06 10:00:00,13.838713,52.0,6
son-serra-de-marina,2025-06-06 11:00:00,15.48633,61.0,6
son-serra-de-marina,2025-06-06 12:00:00,16.517551,45.0,6
son-serra-de-marina,2025-06-06 13:00:00,11.95709,41.0,6
son-serra-de-marina,2025-06-06 14:00:00,17.437593,53.0,6
son-serra-de-marina,2025-06-06 15:00:00,17.049952,46.0,6
son-serra-de-marina,2025-06-06 16:00:00,12.15142,52.0,6
son-serra-de-marina,2025-06-06 17:00:00,12.332377,57.0,6
son-serra-de-marina,2025-06-06 18:00:00,11.756231,44.0,6
son-serra-de-marina,2025-06-06 19:00:00,16.314611,35.0,6
son-serra-de-marina,2025-06-06 20:00:00,10.389396,3.0,6
son-serra-de-marina,2025-06-07 08:00:00,7.8862543,35.0,6
son-serra-de-marina,2025-06-07 09:00:00,13.081486,50.0,6
son-serra-de-marina,2025-06-07 10:00:00,10.246053,64.0,6
son-serra-de-marina,2025-06-07 11:00:00,11.934973,62.0,6
son-serra-de-marina,2025-06-07 12:00:00,17.980621,55.0,6
son-serra-de-marina,2025-06-07 13:00:00,13.592105,48.0,6
son-serra-de-marina,2025-06-07 14:00:00,18.794239,59.0,6
son-serra-de-marina,2025-06-07 15:00:00,14.061027,58.0,6
son-serra-de-marina,2025-06-07 16:00:00,18.485538,71.0,6
son-serra-de-marina,2025-06-07 17:00:00,18.35849,59.0,6
son-serra-de-marina,2025-06-07 18:00:00,17.740055,30.0,6
son-serra-de-marina,2025-06-07 19:00:00,12.156831,19.0,6
son-serra-de-marina,2025-06-07 20:00:00,11.112066,3.0,6
son-serra-de-marina,2025-06-08 08:00:00,12.526282,29.0,6
son-serra-de-marina,2025-06-08 09:00:00,13.829209,34.0,6
son-serra-de-marina,2025-06-08 10:00:00,14.596274,54.0,6
son-serra-de-marina,2025-06-08 11:00:00,10.526019,48.0,6
son-serra-de-marina,2025-06-08 12:00:00,11.021787,65.0,6
son-serra-de-marina,2025-06-08 13:00:00,16.27715,53.0,6
son-serra-de-marina,2025-06-08 14:00:00,16.30995,43.0,6
son-serra-de-marina,2025-06-08 15:00:00,15.839116,50.0,6
son-serra-de-marina,2025-06-08 16:00:00,11.343162,31.0,6
son-serra-de-marina,2025-06-08 17:00:00,15.668293,26.0,6
son-serra-de-marina,2025-06-08 18:00:00,15.483676,20.0,6
son-serra-de-marina,2025-06-08 19:00:00,14.903573,16.0,6
son-serra-de-marina,2025-06-08 20:00:00,14.393614,0.0,6
son-serra-de-marina,2025-06-09 08:00:00,7.0681815,19.0,6
son-serra-de-marina,2025-06-09 09:00:00,8.340647,49.0,6
son-serra-de-marina,2025-06-09 10:00:00,9.249272,47.0,6
son-serra-de-marina,2025-06-09 11:00:00,10.026104,35.0,6
son-serra-de-marina,2025-06-09 12:00:00,15.071289,31.0,6
son-serra-de-marina,2025-06-09 13:00:00,11.033673,21.0,6
son-serra-de-marina,2025-06-09 14:00:00,15.732394,39.0,6
son-serra-de-marina,2025-06-09 15:00:00,11.465866,44.0,6
son-serra-de-marina,2025-06-09 16:00:00,16.165329,39.0,6
son-serra-de-marina,2025-06-09 17:00:00,15.908371,38.0,6
son-serra-de-marina,2025-06-09 18:00:00,15.610556,22.0,6
son-serra-de-marina,2025-06-09 19:00:00,14.79173,12.0,6
son-serra-de-marina,2025-06-09 20:00:00,10.336936,0.0,6
son-serra-de-marina,2025-06-10 08:00:00,11.217978,23.0,6
son-serra-de-marina,2025-06-10 09:00:00,12.721754,20.0,6
son-serra-de-marina,2025-06-10 10:00:00,14.314353,55.0,6
