model,horizon,n_rows,relMAE_overall,relMAE_season,relMAE_summer,MAE,n_seeds,elapsed_s,dataset
tft,3d,156,0.41448414022288377,0.41448414022288377,0.41448414022288377,39.52347125762548,1,2601.4,data
lstm,3d,156,0.45065372141008037,0.45065372141008037,0.45065372141008037,40.37231014936398,1,130.0,data
xgb,3d,4564,0.36168137348108265,0.36168137348108265,0.36168137348108265,28.65988651228829,1,71.5,data
tft,10d,520,0.4040192392387187,0.4040192392387187,0.4040192392387187,35.754565125245314,1,3388.1,data
lstm,10d,520,0.38253386857603144,0.38253386857603144,0.38253386857603144,35.89542694825393,1,129.9,data
xgb,10d,4200,0.3764254144718065,0.3764254144718065,0.3764254144718065,29.830830950509938,1,70.1,data
tft,15d,780,0.4739698972083348,0.4739698972083348,0.4739698972083348,42.5463646375216,1,3895.7,data
lstm,15d,780,0.44559217905512405,0.44559217905512405,0.44559217905512405,39.802892596905046,1,148.5,data
xgb,15d,3940,0.3791031784696848,0.3791031784696848,0.3791031784696848,29.965631789967496,1,85.6,data
